,의약품 제조업,알코올음료 제조업,도로 화물 운송업,기타 금융업,회사 본부 및 경영 컨설팅 서비스업,토목 건설업,자동차용 엔진 및 자동차 제조업,기타 전문 도매업,반도체 제조업,보험업,기타 화학제품 제조업,시멘트· 석회· 플라스터 및 그 제품 제조업,1차 철강 제조업,가전제품 및 정보통신장비 소매업,상품 중개업,금융 지원 서비스업,전구 및 조명장치 제조업,기초 화학물질 제조업,절연선 및 케이블 제조업,비료· 농약 및 살균· 살충제 제조업,기타 식품 제조업,전자부품 제조업,건물 건설업,봉제의복 제조업,곡물가공품· 전분 및 전분제품 제조업,기계장비 및 관련 물품 도매업,특수 목적용 기계 제조업,해상 운송업,항공 여객 운송업,영화· 비디오물· 방송프로그램 제작 및 배급업,내화· 비내화 요업제품 제조업,수산물 가공 및 저장 처리업,상품 종합 도매업,자동차 신품 부품 제조업,기타 운송관련 서비스업,종합 소매업,펄프· 종이 및 판지 제조업,플라스틱제품 제조업,낙농제품 및 식용빙과류 제조업,생활용품 도매업,기초 의약물질 및 생물학적 제제 제조업,동물용 사료 및 조제식품 제조업,통신 및 방송 장비 제조업,유리 및 유리제품 제조업,일차전지 및 축전지 제조업,전기 통신업,구조용 금속제품· 탱크 및 증기발생기 제조업,건축자재· 철물 및 난방장치 도매업,기타 비금속 광물제품 제조업,기타 금속 가공제품 제조업,1차 비철금속 제조업,영상 및 음향기기 제조업,기타 상품 전문 소매업,가정용 기기 제조업,선박 및 보트 건조업,컴퓨터 프로그래밍· 시스템 통합 및 관리업,무기 및 총포탄 제조업,석유 정제품 제조업,골판지· 종이 상자 및 종이 용기 제조업,일반 목적용 기계 제조업,항공기·우주선 및 부품 제조업,기타 종이 및 판지 제품 제조업,전기업,컴퓨터 및 주변장치 제조업,자료처리· 호스팅· 포털 및 기타 인터넷 정보매개 서비스업,금속 주조업,신탁업 및 집합투자업,그외 기타 개인 서비스업,건축기술· 엔지니어링 및 관련 기술 서비스업,소프트웨어 개발 및 공급업,은행 및 저축기관,전동기· 발전기 및 전기 변환 · 공급 · 제어 장치 제조업,측정· 시험· 항해· 제어 및 기타 정밀기기 제조업; 광학기기 제외,음·식료품 및 담배 도매업,나무제품 제조업,도축· 육류 가공 및 저장 처리업,기반조성 및 시설물 축조관련 전문공사업,폐기물 처리업,광고업,기타 정보 서비스업,인쇄 및 인쇄관련 산업,섬유· 의복· 신발 및 가죽제품 소매업,창작 및 예술관련 서비스업,기록매체 복제업,텔레비전 방송업,유원지 및 기타 오락관련 서비스업,오디오물 출판 및 원판 녹음업,연료용 가스 제조 및 배관공급업,합성고무 및 플라스틱 물질 제조업,그외 기타 전문· 과학 및 기술 서비스업,일반 교습 학원,사업시설 유지·관리 서비스업,여행사 및 기타 여행보조 서비스업,전문디자인업,의료용 기기 제조업,실내건축 및 건축마무리 공사업,고무제품 제조업,의료용품 및 기타 의약 관련제품 제조업,환경 정화 및 복원업,기타 전기장비 제조업,기타 과학기술 서비스업,자연과학 및 공학 연구개발업,전기 및 통신 공사업,서적· 잡지 및 기타 인쇄물 출판업,그외 기타 제품 제조업,교육지원 서비스업,철도장비 제조업,직물직조 및 직물제품 제조업,자동차 재제조 부품 제조업,자동차 판매업,사진장비 및 광학기기 제조업,화학섬유 제조업,기타 섬유제품 제조업,초등 교육기관,스포츠 서비스업,무점포 소매업,과실· 채소 가공 및 저장 처리업
,0,1,2,3,4,5,6,7,8,9,10,11,12,13,14,15,16,17,18,19,20,21,22,23,24,25,26,27,28,29,30,31,32,33,34,35,36,37,38,39,40,41,42,43,44,45,46,47,48,49,50,51,52,53,54,55,56,57,58,59,60,61,62,63,64,65,66,67,68,69,70,71,72,73,74,75,76,77,78,79,80,81,82,83,84,85,86,87,88,89,90,91,92,93,94,95,96,97,98,99,100,101,102,103,104,105,106,107,108,109,110,111,112,113,114,115,116
MAD01,0.007640067911714771,0.0,0.0,0.003395585738539898,0.0,0.003395585738539898,0.02801358234295416,0.0050933786078098476,0.16723259762308998,0.0,0.012733446519524618,0.0,0.004244482173174873,0.0,0.0,0.001697792869269949,0.0,0.023769100169779286,0.0,0.0,0.0,0.11799660441426146,0.0,0.0,0.0,0.0,0.0,0.0,0.0021222410865874364,0.0025466893039049238,0.005942275042444821,0.0,0.0,0.005942275042444821,0.0,0.0,0.0,0.0,0.0,0.0,0.022920203735144314,0.0,0.42147707979626486,0.0,0.06536502546689305,0.0025466893039049238,0.0029711375212224107,0.0,0.0,0.0,0.003395585738539898,0.0,0.009762308998302207,0.0,0.010611205432937181,0.0012733446519524619,0.0,0.005942275042444821,0.0,0.0012733446519524619,0.0,0.0,0.0025466893039049238,0.0,0.020797962648556875,0.0,0.0,0.0,0.0012733446519524619,0.0012733446519524619,0.001697792869269949,0.001697792869269949,0.003395585738539898,0.0,0.0,0.0,0.0,0.0,0.0,0.0,0.0,0.0,0.0,0.0,0.0,0.001697792869269949,0.0,0.0012733446519524619,0.0,0.0,0.0,0.0,0.0025466893039049238,0.0,0.0,0.0,0.0,0.009762308998302207,0.0,0.0,0.0,0.010186757215619695,0.0,0.0,0.0,0.0,0.0,0.0,0.0,0.0,0.0,0.0012733446519524619,0.0012733446519524619,0.0,0.0,0.0,0.0
MAD02,0.0,0.0,0.0,0.13614262560777957,0.004862236628849271,0.03565640194489465,0.04213938411669368,0.009724473257698542,0.059967585089141004,0.011345218800648298,0.0,0.0,0.0,0.0,0.0,0.06969205834683954,0.0,0.017828200972447326,0.0,0.0,0.0,0.02106969205834684,0.004862236628849271,0.0,0.0,0.0,0.03565640194489465,0.0,0.10372771474878444,0.004862236628849271,0.0,0.0,0.0,0.0,0.0,0.006482982171799027,0.0,0.0,0.0,0.0,0.017828200972447326,0.0,0.2755267423014587,0.0,0.0,0.008103727714748784,0.0,0.0,0.0,0.0,0.0,0.0,0.011345218800648298,0.0,0.011345218800648298,0.0,0.0,0.02106969205834684,0.0,0.004862236628849271,0.0,0.0,0.012965964343598054,0.0,0.03403565640194489,0.0,0.0,0.0,0.0,0.0,0.0,0.0,0.0,0.0,0.0,0.0,0.0,0.0,0.0,0.0,0.0,0.0,0.0,0.0,0.0,0.0,0.004862236628849271,0.0,0.0,0.0,0.0,0.0,0.0,0.0,0.0,0.0,0.0,0.014586709886547812,0.0,0.0,0.0,0.019448946515397084,0.0,0.0,0.0,0.0,0.0,0.0,0.0,0.0,0.0,0.0,0.0,0.0,0.0,0.0,0.0
MAD03,0.2777777777777778,0.001277139208173691,0.002234993614303959,0.011494252873563218,0.0,0.0,0.002234993614303959,0.02362707535121328,0.0140485312899106,0.0019157088122605363,0.019476372924648787,0.0028735632183908046,0.00351213282247765,0.0,0.0,0.004469987228607918,0.0009578544061302681,0.015006385696040868,0.0,0.0,0.0031928480204342275,0.013729246487867178,0.0009578544061302681,0.006385696040868455,0.0019157088122605363,0.0038314176245210726,0.03384418901660281,0.0015964240102171138,0.007343550446998723,0.008620689655172414,0.0009578544061302681,0.0,0.0,0.017879948914431672,0.0,0.0,0.0031928480204342275,0.013409961685823755,0.0,0.009897828863346106,0.07918263090676884,0.007662835249042145,0.05363984674329502,0.002234993614303959,0.005747126436781609,0.0009578544061302681,0.0,0.0,0.0,0.006385696040868455,0.013090676883780333,0.0028735632183908046,0.0,0.0,0.030012771392081736,0.01277139208173691,0.0015964240102171138,0.0,0.002554278416347382,0.002554278416347382,0.0038314176245210726,0.021392081736909322,0.001277139208173691,0.0015964240102171138,0.007343550446998723,0.0,0.0,0.0,0.011174968071519796,0.015644955300127713,0.0,0.020753512132822477,0.01053639846743295,0.0,0.0,0.01053639846743295,0.0,0.0019157088122605363,0.0,0.002234993614303959,0.0,0.0009578544061302681,0.007982120051085569,0.0038314176245210726,0.0,0.001277139208173691,0.0,0.0,0.002234993614303959,0.001277139208173691,0.002554278416347382,0.0,0.0,0.0,0.004469987228607918,0.0019157088122605363,0.0,0.037675606641123884,0.0,0.002234993614303959,0.0,0.08077905491698595,0.0,0.0009578544061302681,0.0,0.0015964240102171138,0.001277139208173691,0.007343550446998723,0.0,0.0,0.0,0.004469987228607918,0.0,0.0,0.0,0.0,0.0
MAD04,0.11587028992827558,0.002626527932114355,0.001212243660975856,0.018284675219719163,0.0,0.0007071421355692494,0.014647944236791595,0.02262854833821598,0.06394585311647641,0.0036367309829275682,0.032427517931104155,0.003838771593090211,0.00747550257601778,0.0,0.0004040812203252854,0.004141832508334175,0.000606121830487928,0.027275482371956764,0.0007071421355692494,0.000303060915243964,0.003535710677846247,0.047681583998383674,0.0031316294575209616,0.0042428528134154965,0.002020406101626427,0.0031316294575209616,0.01575916759268613,0.000303060915243964,0.01202141630467724,0.009495908677644207,0.00373775128800889,0.0007071421355692494,0.0,0.014041822406303667,0.0,0.001717345186382463,0.0009091827457318921,0.0027275482371956765,0.0,0.006566319830285887,0.0804121628447318,0.0014142842711384988,0.1646630972825538,0.0005051015254066068,0.0269724214567128,0.006465299525204566,0.0009091827457318921,0.000606121830487928,0.0004040812203252854,0.002424487321951712,0.008081624406505708,0.0004040812203252854,0.005556116779472674,0.0005051015254066068,0.01666835033841802,0.0050510152540660675,0.000606121830487928,0.008788766542074958,0.0021214264067077482,0.003535710677846247,0.0033336700676836043,0.014445903626628953,0.003232649762602283,0.000303060915243964,0.021214264067077482,0.000303060915243964,0.0,0.0,0.004343873118496818,0.018991817355288414,0.002323467016870391,0.013940802101222345,0.005657137084553995,0.000606121830487928,0.0,0.004141832508334175,0.0,0.000303060915243964,0.0008081624406505708,0.004646934033740782,0.0,0.0019193857965451055,0.0019193857965451055,0.0010102030508132135,0.0007071421355692494,0.00373775128800889,0.0007071421355692494,0.0,0.0033336700676836043,0.0019193857965451055,0.002323467016870391,0.0,0.0,0.0,0.003232649762602283,0.001212243660975856,0.0,0.02616425901606223,0.000606121830487928,0.0028285685422769977,0.0,0.042125467218911,0.0,0.0022224467117890694,0.001212243660975856,0.0027275482371956765,0.0015153045762198202,0.004343873118496818,0.0,0.0,0.0009091827457318921,0.0031316294575209616,0.002323467016870391,0.000303060915243964,0.0,0.0,0.0004040812203252854
MAD05,0.10698294750881204,0.003905877869867581,0.0005715918833952558,0.017338287129656092,0.0,0.005049061636658093,0.019815185291035535,0.034390778317614557,0.026864818519577022,0.0018100409640849767,0.028389063541964372,0.003715347242069163,0.008764408878727255,0.0,0.0006668571972944651,0.004953796322758884,0.0003810612555968372,0.026579022577879394,0.0008573878250928837,0.0,0.006001714775650186,0.028198532914165953,0.0014289797084881394,0.008669143564828046,0.001238449080689721,0.008573878250928837,0.020005715918833954,0.001238449080689721,0.016480899304563208,0.007335429170239116,0.0027626941030770694,0.0006668571972944651,0.0,0.010098123273316186,0.0006668571972944651,0.0014289797084881394,0.0023816328474802325,0.004382204439363628,0.0,0.012003429551300371,0.08573878250928837,0.002953224730875488,0.1086024578450986,0.0002857959416976279,0.021339430313422884,0.005811184147851767,0.0002857959416976279,0.002191102219681814,0.0,0.005334857578355721,0.007811755739735162,0.0005715918833952558,0.007049633228541488,0.0009526531389920929,0.024864246927693626,0.009336000762122511,0.0015242450223873487,0.008573878250928837,0.0007621225111936744,0.005715918833952558,0.005334857578355721,0.008764408878727255,0.0036200819281699535,0.0015242450223873487,0.07125845479660856,0.0010479184528913023,0.0002857959416976279,0.0005715918833952558,0.005334857578355721,0.028960655425359628,0.002476898161379442,0.009812327331618558,0.006287510717347814,0.0013337143945889303,0.0009526531389920929,0.00400114318376679,0.0,0.0019053062779841859,0.0,0.004286939125464418,0.0,0.0020958369057826045,0.0011431837667905116,0.0003810612555968372,0.0017147756501857674,0.005525388206154139,0.0013337143945889303,0.0,0.003905877869867581,0.0018100409640849767,0.002857959416976279,0.0,0.0005715918833952558,0.0,0.003715347242069163,0.001619510336286558,0.0,0.024959512241592836,0.0002857959416976279,0.00400114318376679,0.0,0.04391730970753548,0.0,0.002476898161379442,0.0009526531389920929,0.002857959416976279,0.004953796322758884,0.002857959416976279,0.0,0.0002857959416976279,0.0,0.002286367533581023,0.0010479184528913023,0.0,0.0,0.0,0.0003810612555968372
MAD06,0.06995779976717113,0.003856228172293364,0.002110011641443539,0.019644935972060535,0.0,0.005165890570430733,0.024228754365541328,0.024556169965075668,0.04787543655413271,0.0013460419091967403,0.034269499417927826,0.002728463329452852,0.007712456344586728,0.0002910360884749709,0.00021827706635622817,0.004438300349243306,0.0002546565774155995,0.03066792782305006,0.0008731082654249127,0.00021827706635622817,0.008112630966239813,0.043400756693830034,0.002546565774155995,0.00589348079161816,0.001818975552968568,0.005747962747380675,0.02033614668218859,0.0009822467986030268,0.015934225844004658,0.008731082654249126,0.0020736321303841676,0.00014551804423748544,0.00014551804423748544,0.015534051222351571,0.0015643189755529686,0.005311408614668219,0.002110011641443539,0.004692956926658906,0.00010913853317811408,0.009167636786961583,0.06944848661233993,0.001309662398137369,0.14642753201396974,0.0,0.026557043073341096,0.008039871944121072,0.0010550058207217695,0.0016006984866123398,0.00043655413271245633,0.002110011641443539,0.007203143189755529,0.002219150174621653,0.010368160651920838,0.001018626309662398,0.01895372526193248,0.008731082654249126,0.0006184516880093132,0.008185389988358556,0.001200523864959255,0.005747962747380675,0.005784342258440047,0.008221769499417927,0.004220023282887078,0.0009822467986030268,0.06493742724097788,0.0006912107101280559,0.00010913853317811408,0.00043655413271245633,0.004474679860302678,0.02801222351571595,0.0009822467986030268,0.010222642607683352,0.0038926076833527357,0.0007275902211874273,0.0,0.004329161816065192,0.00021827706635622817,0.0008731082654249127,0.00014551804423748544,0.0028012223515715947,0.0,0.002219150174621653,0.0010913853317811408,0.00040017462165308496,0.0037834691501746217,0.002546565774155995,0.0028739813736903376,0.00040017462165308496,0.002910360884749709,0.0028012223515715947,0.00240104772991851,0.0,0.0013824214202561118,0.0,0.003310535506402794,0.001018626309662398,0.00010913853317811408,0.020081490104772993,0.0006912107101280559,0.003310535506402794,0.0,0.0307406868451688,0.00040017462165308496,0.0036743306169965077,0.0008367287543655413,0.0014915599534342258,0.003237776484284051,0.00425640279394645,0.00010913853317811408,0.0,0.00021827706635622817,0.003237776484284051,0.0016734575087310826,0.00040017462165308496,0.0,0.0,0.00032741559953434226
MAD07,0.05454545454545454,0.0,0.0,0.0,0.0,0.0,0.03090909090909091,0.025454545454545455,0.05818181818181818,0.0,0.034545454545454546,0.0,0.012727272727272728,0.0,0.0,0.0,0.0,0.056363636363636366,0.0,0.0,0.0,0.04727272727272727,0.0,0.0,0.0,0.0,0.0,0.0,0.005454545454545455,0.0,0.0,0.0,0.0,0.02,0.0,0.0,0.0,0.0,0.0,0.0,0.13818181818181818,0.0,0.20727272727272728,0.0,0.04909090909090909,0.0,0.0,0.0,0.0,0.0,0.01818181818181818,0.0,0.005454545454545455,0.0,0.0,0.0,0.0,0.17636363636363636,0.0,0.0,0.0,0.0,0.005454545454545455,0.0,0.012727272727272728,0.0,0.0,0.0,0.005454545454545455,0.0,0.0,0.0,0.0,0.0,0.0,0.0,0.0,0.0,0.0,0.0,0.0,0.0,0.0,0.0,0.0,0.0,0.0,0.0,0.0,0.0,0.0,0.0,0.0,0.0,0.0,0.0,0.0,0.025454545454545455,0.0,0.0,0.0,0.01090909090909091,0.0,0.0,0.0,0.0,0.0,0.0,0.0,0.0,0.0,0.0,0.0,0.0,0.0,0.0,0.0
MAD08,0.16943030701034312,0.003283533081595797,0.0011492365785585289,0.01116401247742571,0.0,0.003447709735675587,0.004268593006074536,0.02282055491709079,0.030044327696601543,0.0,0.04432769660154326,0.007059596125430964,0.005910359546872435,0.0,0.0013134132326383188,0.0,0.0004925299622393696,0.029715974388441965,0.0009850599244787392,0.0,0.0050894762764734855,0.018223608602856673,0.0013134132326383188,0.009850599244787392,0.0014775898867181087,0.008537186012149072,0.02232802495485142,0.0013134132326383188,0.017402725332457725,0.011984895747824659,0.006567066163191594,0.0,0.0,0.019537021835494994,0.0018059431948776884,0.0,0.005417829584633065,0.0027910031193564273,0.0,0.010671482515186341,0.06780495813495321,0.0029551797734362175,0.058611065506484976,0.0011492365785585289,0.008373009358069283,0.004104416351994746,0.0,0.0009850599244787392,0.0008208832703989492,0.01001477589886718,0.029223444426202595,0.0006567066163191594,0.0008208832703989492,0.0004925299622393696,0.02282055491709079,0.009029715974388442,0.0013134132326383188,0.004761122968313906,0.0018059431948776884,0.005582006238712855,0.004925299622393696,0.016581842062058774,0.0004925299622393696,0.0045969463142341155,0.008537186012149072,0.0036118863897553768,0.0004925299622393696,0.0,0.005746182892792645,0.02002955179773436,0.0,0.019865375143654572,0.009850599244787392,0.0011492365785585289,0.0,0.006567066163191594,0.0004925299622393696,0.0011492365785585289,0.0004925299622393696,0.003940239697914957,0.0,0.0006567066163191594,0.0018059431948776884,0.0018059431948776884,0.0,0.0022984731571170577,0.0004925299622393696,0.0,0.01182071909374487,0.003119356427516007,0.004268593006074536,0.0,0.0008208832703989492,0.0,0.005417829584633065,0.003119356427516007,0.0004925299622393696,0.04153669348218683,0.0019701198489574783,0.006895419471351174,0.0,0.06271548185847972,0.0,0.004761122968313906,0.002134296503037268,0.0029551797734362175,0.0013134132326383188,0.01050730586110655,0.0,0.0,0.0,0.0050894762764734855,0.003447709735675587,0.0,0.0009850599244787392,0.0,0.0
MAD09,0.08644353479412473,0.005417770286539851,0.0015651336383337346,0.02227305562244161,0.0,0.004575006019744763,0.02564411268962196,0.023717794365518904,0.036961232843727425,0.0012039489525644113,0.04261979292078016,0.005297375391283409,0.007344088610642909,0.0,0.0,0.004936190705514086,0.0004815795810257645,0.04803756320732001,0.0007223693715386468,0.0,0.0034914519624367926,0.032627016614495546,0.0013243438478208523,0.007223693715386468,0.001805923428846617,0.006019744762822056,0.015169756802311581,0.0006019744762822056,0.02239345051769805,0.00638092944859138,0.005176980496026968,0.0,0.0,0.014567782326029377,0.0,0.0013243438478208523,0.003973031543462557,0.0031302672766674693,0.0,0.0149289670117987,0.07584878401155791,0.0014447387430772936,0.09788104984348664,0.0,0.018781603660004816,0.006019744762822056,0.000963159162051529,0.0022875030098723813,0.0006019744762822056,0.0021671081146159405,0.019744762822056346,0.0003611846857693234,0.011798699735131231,0.0020467132193594992,0.018540813869491933,0.006862509029617144,0.0007223693715386468,0.008909222248976643,0.0020467132193594992,0.005778954972309174,0.0024078979051288226,0.01504936190705514,0.0033710570671803513,0.0,0.060679027209246325,0.0031302672766674693,0.0,0.0,0.005417770286539851,0.02155068625090296,0.0014447387430772936,0.0071032988201300265,0.007223693715386468,0.0013243438478208523,0.0003611846857693234,0.0062605345533349385,0.000963159162051529,0.0010835540573079702,0.0003611846857693234,0.0033710570671803513,0.0,0.0016855285335901757,0.0006019744762822056,0.0,0.0016855285335901757,0.005778954972309174,0.0008427642667950878,0.0,0.007946063086925114,0.001926318324103058,0.0033710570671803513,0.0,0.0004815795810257645,0.0,0.003732241752949675,0.0006019744762822056,0.0003611846857693234,0.02696845653744281,0.0,0.0031302672766674693,0.0,0.03744281242475319,0.0,0.003009872381411028,0.0,0.0020467132193594992,0.0024078979051288226,0.0062605345533349385,0.0003611846857693234,0.0,0.0,0.0032506621719239105,0.0040934264387189985,0.0,0.0007223693715386468,0.0,0.0
MAD10,0.0,0.0,0.0,0.0079155672823219,0.0,0.0,0.0,0.0,0.018469656992084433,0.0,0.0,0.0,0.0,0.0,0.0,0.0,0.0,0.0,0.0,0.0,0.0,0.021108179419525065,0.0,0.0,0.0,0.0,0.0,0.0,0.0,0.0,0.0,0.0,0.0,0.0,0.0,0.0,0.0,0.0,0.0,0.0,0.0,0.0,0.45118733509234826,0.0,0.0,0.23746701846965698,0.0,0.0,0.0,0.0,0.0,0.0,0.0,0.0,0.0079155672823219,0.0,0.0,0.0,0.0,0.010554089709762533,0.0,0.0,0.21108179419525067,0.0,0.03430079155672823,0.0,0.0,0.0,0.0,0.0,0.0,0.0,0.0,0.0,0.0,0.0,0.0,0.0,0.0,0.0,0.0,0.0,0.0,0.0,0.0,0.0,0.0,0.0,0.0,0.0,0.0,0.0,0.0,0.0,0.0,0.0,0.0,0.0,0.0,0.0,0.0,0.0,0.0,0.0,0.0,0.0,0.0,0.0,0.0,0.0,0.0,0.0,0.0,0.0,0.0,0.0,0.0
MAD11,0.08214947498455837,0.0,0.0,0.06794317479925881,0.0,0.0067943174799258805,0.021000617665225447,0.017294626312538603,0.07906114885731934,0.0,0.02470660901791229,0.0,0.004323656578134651,0.0,0.0,0.06053119209388511,0.0,0.045089561457689935,0.0,0.0,0.0,0.034589252625077206,0.0,0.0,0.0,0.0,0.0037059913526868438,0.0,0.0074119827053736875,0.006176652254478073,0.0,0.0,0.0,0.0,0.0,0.004323656578134651,0.0,0.0067943174799258805,0.0,0.0030883261272390363,0.0846201358863496,0.0,0.1945645460160593,0.0,0.02285361334156887,0.006176652254478073,0.0,0.0,0.0,0.0,0.0024706609017912293,0.0,0.00926497838171711,0.0,0.02038295243977764,0.0,0.0,0.009882643607164917,0.0,0.0,0.0,0.0018529956763434219,0.013588634959851761,0.0,0.04632489190858555,0.0,0.0,0.0,0.006176652254478073,0.02347127856701668,0.0024706609017912293,0.006176652254478073,0.004323656578134651,0.0,0.0,0.0024706609017912293,0.0,0.0,0.0,0.0,0.0,0.0,0.0,0.0,0.0018529956763434219,0.0,0.0018529956763434219,0.0,0.004941321803582459,0.0018529956763434219,0.0,0.0,0.0,0.0,0.0,0.0018529956763434219,0.0,0.026559604694255712,0.0,0.0018529956763434219,0.0,0.02347127856701668,0.0,0.0,0.0,0.0,0.0,0.0,0.0,0.0,0.0,0.0037059913526868438,0.0,0.0,0.0,0.0,0.0
MAD12,0.05986903648269411,0.0,0.0,0.07296538821328344,0.0,0.002806361085126286,0.05144995322731525,0.014967259120673527,0.042095416276894296,0.0,0.01216089803554724,0.0,0.0,0.0,0.0,0.09354536950420954,0.0,0.025257249766136577,0.0,0.0,0.002806361085126286,0.011225444340505144,0.0,0.002806361085126286,0.0,0.0,0.0,0.0,0.01403180542563143,0.0,0.0,0.0,0.0,0.002806361085126286,0.0,0.002806361085126286,0.0,0.0,0.0,0.0,0.14405986903648269,0.0,0.146866230121609,0.0,0.026192703461178673,0.006548175865294668,0.0,0.0,0.0,0.0,0.0,0.0,0.02245088868101029,0.0,0.03461178671655753,0.0,0.0,0.013096351730589336,0.0,0.0,0.0,0.0,0.002806361085126286,0.0,0.1403180542563143,0.0,0.0,0.0,0.009354536950420954,0.002806361085126286,0.0,0.0,0.0,0.0,0.0,0.0,0.0,0.0,0.0,0.002806361085126286,0.0,0.0,0.0,0.0,0.0037418147801683817,0.0,0.0,0.0,0.002806361085126286,0.0,0.0,0.0,0.0,0.0,0.0,0.0,0.0,0.019644527595884004,0.0,0.0,0.0,0.01028999064546305,0.0,0.0,0.0,0.0,0.0,0.0,0.0,0.0,0.0,0.0,0.0,0.0,0.0,0.0,0.0
MAD13,0.0,0.0,0.0,0.013953488372093023,0.0,0.0034883720930232558,0.023255813953488372,0.0034883720930232558,0.02441860465116279,0.0034883720930232558,0.0,0.0,0.01627906976744186,0.0,0.0,0.0,0.0,0.023255813953488372,0.0,0.0,0.0,0.0034883720930232558,0.0,0.0,0.0,0.0,0.0,0.0,0.0,0.0,0.0,0.0,0.0,0.0,0.0,0.0034883720930232558,0.0,0.0,0.0,0.0,0.026744186046511628,0.0,0.27906976744186046,0.0,0.031395348837209305,0.1872093023255814,0.0,0.0,0.0,0.0,0.0,0.0,0.0,0.0,0.020930232558139535,0.0,0.0,0.011627906976744186,0.0,0.0034883720930232558,0.010465116279069767,0.0,0.16627906976744186,0.0,0.12209302325581395,0.0,0.0,0.0,0.0,0.0,0.004651162790697674,0.0,0.0,0.0,0.0,0.0,0.0,0.0,0.0,0.0,0.0,0.0,0.0,0.0,0.0,0.0,0.0,0.0,0.0,0.0,0.0,0.0,0.0,0.0,0.0,0.0,0.0,0.012790697674418604,0.0,0.0,0.0,0.0,0.0,0.0,0.0,0.0,0.004651162790697674,0.0,0.0,0.0,0.0,0.0,0.0,0.0,0.0,0.0,0.0
MAD14,0.006614303431169905,0.0012401818933443572,0.0,0.021909880115750312,0.0,0.0016535758577924762,0.07771806531624638,0.017775940471269118,0.049607275733774284,0.007027697395618024,0.007854485324514262,0.0,0.026043819760231502,0.0,0.0,0.015295576684580404,0.0,0.015708970649028525,0.0,0.0,0.0,0.06366267052501033,0.0024803637866887144,0.0,0.0,0.0,0.0,0.0012401818933443572,0.012401818933443571,0.0012401818933443572,0.0,0.0,0.0,0.004960727573377429,0.0,0.0024803637866887144,0.0,0.0,0.0,0.005374121537825548,0.024803637866887142,0.0,0.24142207523770154,0.0,0.01694915254237288,0.02066969822240595,0.0,0.0,0.0,0.0,0.0,0.0,0.01653575857792476,0.0,0.04836709384042993,0.0024803637866887144,0.0,0.016122364613476645,0.0,0.0037205456800330715,0.011161637040099214,0.0028937577511368336,0.13931376601901613,0.0,0.052087639520463004,0.0,0.0,0.0,0.0037205456800330715,0.00413393964448119,0.010748243075651096,0.0,0.0012401818933443572,0.0,0.0,0.0,0.0,0.0012401818933443572,0.0,0.0,0.0,0.0,0.0,0.0,0.0028937577511368336,0.0028937577511368336,0.0033071517155849523,0.0028937577511368336,0.0,0.0,0.0,0.0,0.014055394791236048,0.0,0.0,0.0,0.0,0.007441091360066143,0.0,0.0,0.0,0.0024803637866887144,0.0,0.0,0.0,0.0,0.00413393964448119,0.0,0.0,0.0,0.0,0.0,0.0,0.0,0.0,0.0,0.0
MAD15,0.005607476635514018,0.0,0.0,0.0,0.0,0.0,0.005607476635514018,0.0,0.08785046728971962,0.0,0.014953271028037384,0.0,0.0,0.0,0.0,0.0,0.0,0.018691588785046728,0.0,0.0,0.005607476635514018,0.08971962616822429,0.0,0.0,0.0,0.0,0.0,0.0,0.0,0.0,0.0,0.0,0.0,0.0,0.0,0.0,0.0,0.0,0.0,0.0,0.020560747663551402,0.0,0.4411214953271028,0.0,0.052336448598130844,0.0,0.0,0.0,0.0,0.0,0.0,0.0,0.0,0.0,0.016822429906542057,0.0,0.0,0.22242990654205608,0.0,0.0,0.0,0.0,0.0,0.0,0.018691588785046728,0.0,0.0,0.0,0.0,0.0,0.0,0.0,0.0,0.0,0.0,0.0,0.0,0.0,0.0,0.0,0.0,0.0,0.0,0.0,0.0,0.0,0.0,0.0,0.0,0.0,0.0,0.0,0.0,0.0,0.0,0.0,0.0,0.0,0.0,0.0,0.0,0.0,0.0,0.0,0.0,0.0,0.0,0.0,0.0,0.0,0.0,0.0,0.0,0.0,0.0,0.0,0.0
MAD16,0.009216589861751152,0.0,0.0,0.020737327188940093,0.0,0.0,0.11059907834101383,0.009216589861751152,0.03917050691244239,0.0069124423963133645,0.009216589861751152,0.0,0.0,0.0,0.0,0.01152073732718894,0.0,0.016129032258064516,0.0,0.0,0.0,0.02534562211981567,0.0,0.0,0.0,0.0,0.0,0.0,0.04838709677419355,0.0,0.0069124423963133645,0.0,0.0,0.02534562211981567,0.0,0.0,0.0,0.0,0.0,0.0,0.0,0.0,0.1728110599078341,0.0,0.016129032258064516,0.0,0.0,0.0,0.0,0.0,0.0,0.0,0.027649769585253458,0.0,0.009216589861751152,0.0,0.0,0.2488479262672811,0.0,0.0,0.0,0.016129032258064516,0.0069124423963133645,0.0,0.10599078341013825,0.0,0.0,0.0,0.0,0.0,0.013824884792626729,0.0,0.0,0.0,0.0,0.0,0.0,0.0,0.0,0.0,0.0,0.0,0.0,0.0,0.0,0.0,0.0,0.0,0.0,0.0069124423963133645,0.0,0.0,0.0,0.0,0.0,0.0,0.0,0.029953917050691243,0.0,0.0,0.0,0.0069124423963133645,0.0,0.0,0.0,0.0,0.0,0.0,0.0,0.0,0.0,0.0,0.0,0.0,0.0,0.0,0.0
MAD17,0.005691924581999288,0.0,0.0,0.019921736036997508,0.0,0.01351832088224831,0.09462824617573817,0.017431519032372823,0.08502312344361437,0.0017787264318747777,0.005336179295624333,0.0,0.013162575595873355,0.0,0.0,0.005336179295624333,0.0,0.03628601921024546,0.0,0.0,0.0010672358591248667,0.05087157595161864,0.0032017075773745998,0.0,0.0,0.0,0.0,0.0,0.01814300960512273,0.006047669868374244,0.0035574528637495554,0.0,0.0,0.015652792600498042,0.0010672358591248667,0.0032017075773745998,0.0,0.0,0.0,0.003913198150124511,0.025257915332621842,0.0,0.1967271433653504,0.0,0.0288153681963714,0.007826396300249021,0.0,0.0,0.0,0.0,0.002845962290999644,0.0,0.027392387050871575,0.0,0.01031661330487371,0.003913198150124511,0.0,0.13802917111348276,0.0,0.0,0.01031661330487371,0.0,0.012095339736748489,0.0,0.0711490572749911,0.0,0.0,0.0010672358591248667,0.0,0.005336179295624333,0.003913198150124511,0.0,0.001422981145499822,0.0,0.0,0.0021344717182497333,0.0,0.0,0.0,0.0,0.0,0.0,0.0,0.0,0.0021344717182497333,0.0024902170046246885,0.0,0.0,0.0,0.0,0.0,0.0,0.0,0.0,0.0,0.0,0.0,0.014941302027748132,0.0,0.0,0.0,0.019565990750622556,0.0,0.0,0.0,0.0,0.0035574528637495554,0.002845962290999644,0.0,0.0,0.0,0.0010672358591248667,0.0,0.0,0.0,0.0,0.0
MAD18,0.02670017276582378,0.001099418878592744,0.0,0.012721847023716036,0.0004711795193968902,0.0025129574367834147,0.014449505261504634,0.013664206062509817,0.0802575781372703,0.0017276582377885974,0.06345217527878122,0.001570598397989634,0.020888958693262134,0.0,0.0006282393591958537,0.0064394534317575,0.0,0.08905292916601225,0.001099418878592744,0.0,0.0009423590387937804,0.09989005811214073,0.005025914873566829,0.0004711795193968902,0.0004711795193968902,0.0,0.023716035809643474,0.0,0.008952410868540914,0.004868855033767865,0.021360138212659023,0.0,0.0,0.006596513271556463,0.0,0.001570598397989634,0.0009423590387937804,0.0037694361551751216,0.0,0.001570598397989634,0.03204020731898854,0.0018847180775875608,0.19428302183131774,0.0,0.045390293701900425,0.008010051829747135,0.0,0.0,0.0,0.0004711795193968902,0.013664206062509817,0.0004711795193968902,0.010680069106329512,0.0004711795193968902,0.017276582377885975,0.003926495994974085,0.0006282393591958537,0.014449505261504634,0.0,0.003141196795979268,0.002041777917386524,0.005654154232762682,0.00738181247055128,0.0,0.025600753887231036,0.001099418878592744,0.0,0.0,0.0032982566357782316,0.013664206062509817,0.0009423590387937804,0.007695932150149207,0.0,0.0,0.0,0.003141196795979268,0.0004711795193968902,0.0014135385581906705,0.0006282393591958537,0.002198837757185488,0.0,0.001099418878592744,0.0004711795193968902,0.0,0.0014135385581906705,0.0014135385581906705,0.002198837757185488,0.0,0.005182974713365793,0.0004711795193968902,0.0009423590387937804,0.0,0.0,0.0,0.0004711795193968902,0.0006282393591958537,0.0,0.012250667504319145,0.0004711795193968902,0.0014135385581906705,0.0,0.022459557091251768,0.0,0.0004711795193968902,0.0,0.0004711795193968902,0.0018847180775875608,0.004240615674572012,0.0,0.0,0.0,0.002198837757185488,0.0009423590387937804,0.0,0.0,0.0,0.0
MAD19,0.0321285140562249,0.00321285140562249,0.0,0.09718875502008033,0.0,0.0024096385542168677,0.02248995983935743,0.0570281124497992,0.06746987951807229,0.0,0.02650602409638554,0.0,0.004819277108433735,0.0,0.0,0.03855421686746988,0.0,0.024096385542168676,0.0,0.0,0.0,0.0321285140562249,0.0,0.0,0.0,0.0,0.0024096385542168677,0.0,0.0024096385542168677,0.00963855421686747,0.0,0.0,0.0,0.005622489959839358,0.0,0.0,0.00321285140562249,0.0,0.0024096385542168677,0.005622489959839358,0.04176706827309237,0.0,0.26666666666666666,0.0,0.016867469879518072,0.010441767068273093,0.0,0.0,0.0,0.0,0.004819277108433735,0.0,0.008032128514056224,0.0024096385542168677,0.015261044176706828,0.0,0.00321285140562249,0.004819277108433735,0.0,0.005622489959839358,0.0,0.004819277108433735,0.00963855421686747,0.0,0.0321285140562249,0.0,0.0,0.0,0.00321285140562249,0.008835341365461847,0.0,0.004016064257028112,0.0024096385542168677,0.0,0.0,0.0,0.0,0.0,0.0,0.00321285140562249,0.0,0.0,0.0,0.0,0.0024096385542168677,0.011244979919678716,0.02971887550200803,0.0,0.0,0.0,0.0,0.0,0.0,0.0,0.0024096385542168677,0.0,0.0,0.021686746987951807,0.0,0.004016064257028112,0.0,0.030522088353413655,0.0,0.0,0.0,0.0,0.0,0.010441767068273093,0.0,0.0,0.0,0.0,0.0,0.0,0.0,0.0,0.0
MAD20,0.02928416485900217,0.0,0.0,0.0878524945770065,0.0,0.0,0.03796095444685466,0.033622559652928416,0.06399132321041215,0.0,0.004338394793926247,0.0,0.0,0.0,0.0,0.020607375271149676,0.0,0.014099783080260303,0.0032537960954446853,0.0,0.0,0.01843817787418655,0.0,0.0,0.0032537960954446853,0.0032537960954446853,0.004338394793926247,0.0,0.01735357917570499,0.016268980477223426,0.0,0.0,0.0,0.020607375271149676,0.0,0.006507592190889371,0.0,0.0,0.0,0.01193058568329718,0.06832971800433839,0.0,0.17787418655097614,0.0,0.0032537960954446853,0.006507592190889371,0.0,0.0,0.0,0.0,0.0032537960954446853,0.0,0.010845986984815618,0.0,0.044468546637744036,0.006507592190889371,0.0,0.0,0.0,0.0,0.0032537960954446853,0.01735357917570499,0.0032537960954446853,0.0,0.07158351409978309,0.0,0.0,0.0,0.006507592190889371,0.021691973969631236,0.0,0.0032537960954446853,0.005422993492407809,0.0,0.0,0.0032537960954446853,0.0,0.0,0.0,0.0,0.0,0.0,0.0032537960954446853,0.0,0.0,0.0032537960954446853,0.019522776572668113,0.0,0.0,0.0,0.0,0.0,0.0032537960954446853,0.0,0.0032537960954446853,0.0,0.0,0.033622559652928416,0.0,0.0032537960954446853,0.0,0.0596529284164859,0.0,0.0,0.0,0.0032537960954446853,0.0,0.006507592190889371,0.0,0.0,0.0,0.007592190889370932,0.0,0.0,0.0,0.0,0.0
MAD21,0.040342914775592535,0.0018490502605479913,0.0015128593040847202,0.021852412170112624,0.0,0.006051437216338881,0.038830055471507814,0.02319717599596571,0.041519583123213986,0.0018490502605479913,0.040679105732055805,0.002689527651706169,0.018154311649016642,0.0,0.001176668347621449,0.0045385779122541605,0.0005042864346949068,0.07060010085728693,0.0,0.0,0.005715246259875609,0.02723146747352496,0.002017145738779627,0.001176668347621449,0.0010085728693898135,0.0031938140864010756,0.008572869389813415,0.0010085728693898135,0.015632879475542108,0.007396201042191965,0.009581442259203227,0.0,0.0,0.00874096486804505,0.0,0.006891914607497059,0.008068582955118508,0.0013447638258530846,0.0,0.005042864346949067,0.049083879643637585,0.0006723819129265423,0.1280887544125063,0.0018490502605479913,0.030929567994620946,0.004034291477559254,0.0005042864346949068,0.0010085728693898135,0.0,0.0005042864346949068,0.019667170953101363,0.0,0.016977643301395194,0.0016809547823163557,0.021011934778954446,0.004034291477559254,0.0010085728693898135,0.014624306606152295,0.0,0.0031938140864010756,0.0070600100857286935,0.006555723651033787,0.006891914607497059,0.0005042864346949068,0.10875777441586822,0.0031938140864010756,0.0,0.0,0.002353336695242898,0.02538241721297697,0.0033619095646327114,0.005883341738107245,0.0045385779122541605,0.0,0.0,0.0028576231299378045,0.0005042864346949068,0.0005042864346949068,0.0,0.0021852412170112624,0.0,0.0010085728693898135,0.0,0.0,0.006387628172802151,0.006051437216338881,0.0031938140864010756,0.0,0.0045385779122541605,0.0015128593040847202,0.0033619095646327114,0.0,0.004202386955790889,0.0,0.0013447638258530846,0.0008404773911581779,0.0,0.019835266431332998,0.0,0.0015128593040847202,0.0,0.024710035300050427,0.0,0.0006723819129265423,0.0,0.002017145738779627,0.0031938140864010756,0.005042864346949067,0.0,0.0,0.0,0.002689527651706169,0.0005042864346949068,0.0,0.0,0.0,0.0
MAD22,0.10797174571140263,0.0,0.0,0.045408678102926335,0.0,0.0030272452068617556,0.030272452068617558,0.054490413723511606,0.02320887991927346,0.0,0.010090817356205853,0.0,0.0,0.0,0.0,0.009081735620585268,0.0,0.011099899091826439,0.0,0.0,0.004036326942482341,0.022199798183652877,0.0,0.0,0.0,0.0,0.0,0.0,0.02119071644803229,0.014127144298688193,0.0,0.0,0.0,0.0,0.0,0.0,0.0,0.0,0.0,0.006054490413723511,0.16246215943491424,0.0030272452068617556,0.07971745711402624,0.0,0.012108980827447022,0.0030272452068617556,0.0,0.0,0.0,0.0,0.006054490413723511,0.0030272452068617556,0.0,0.0,0.04137235116044399,0.006054490413723511,0.0,0.010090817356205853,0.0,0.0,0.004036326942482341,0.005045408678102927,0.0,0.0,0.020181634712411706,0.0,0.0,0.0,0.020181634712411706,0.013118062563067608,0.0,0.013118062563067608,0.006054490413723511,0.0,0.0,0.0030272452068617556,0.0,0.0,0.0,0.0030272452068617556,0.0,0.0030272452068617556,0.0,0.0,0.0,0.0,0.0,0.0,0.0,0.007063572149344097,0.0,0.0,0.0,0.0,0.0030272452068617556,0.0,0.0,0.04036326942482341,0.0,0.0,0.0,0.16448032290615539,0.0,0.0,0.0,0.0,0.0,0.005045408678102927,0.0,0.0,0.0,0.0,0.0,0.0,0.0,0.0,0.0
MAD23,0.03191606847045831,0.004417448923246825,0.003349898766795509,0.02282348610344193,0.00022087244616234125,0.0040493281796429225,0.036443953616786304,0.02135100312902632,0.053672004417448925,0.0031290263206331676,0.042186637217007175,0.0016565433462175593,0.017264862875023008,0.0,0.0006994294128474139,0.006773421682311798,0.0,0.06640898214614394,0.00022087244616234125,0.0,0.008245904656727407,0.0548868028713418,0.002724093502668875,0.0036443953616786305,0.00040493281796429226,0.0042333885514448735,0.02120375483158476,0.0007362414872078042,0.013583655438983986,0.00898214614393521,0.008319528805448187,0.0,0.0,0.011706239646604086,0.0013252346769740476,0.009239830664457943,0.0015461071231363888,0.00357077121295785,0.00029449659488312165,0.007215166574636481,0.03287318240382846,0.0009571139333701454,0.15372722252898952,0.0013252346769740476,0.03776918829376035,0.010049696300386527,0.0013252346769740476,0.0003313086692435119,0.00011043622308117063,0.0009203018590097553,0.009534327259341065,0.0020982882385422418,0.015571507454445058,0.0019878520154610712,0.016307748941652864,0.007362414872078042,0.0007362414872078042,0.014577581446714522,0.00025768452052273147,0.006000368120743604,0.006000368120743604,0.005227314559175409,0.007840971838763115,0.00014724829744156083,0.06327995582551077,0.0004417448923246825,0.0,0.0005889931897662433,0.002871341800110436,0.02157187557518866,0.0034235229155162895,0.008319528805448187,0.0017301674949383398,0.0004785569666850727,0.00018406037180195104,0.002687281428308485,0.0,0.0024295969077857537,0.0008098656359285845,0.0021719123872630222,0.0,0.001619731271857169,0.00014724829744156083,0.0004417448923246825,0.0040493281796429225,0.0040493281796429225,0.006258052641266335,0.001251610528253267,0.0029081538744708266,0.0016565433462175593,0.0006994294128474139,0.00025768452052273147,0.001251610528253267,0.0,0.0040125161052825325,0.0005889931897662433,0.0006258052641266335,0.014503957297993742,0.00014724829744156083,0.0016565433462175593,0.0,0.020762009939260077,0.0005153690410454629,0.001582919197496779,0.0,0.0005521811154058532,0.002503221056506534,0.0018406037180195105,0.0,0.0,0.0,0.0018037916436591203,0.0012884226026136573,0.00011043622308117063,0.00022087244616234125,0.0,0.00022087244616234125
MAD24,0.06661502711076685,0.0,0.0,0.03640588690937258,0.0,0.0,0.009295120061967466,0.042602633617350893,0.042602633617350893,0.0023237800154918666,0.052672347017815646,0.0,0.0023237800154918666,0.0,0.0,0.010844306738962044,0.0,0.026336173508907823,0.003098373353989156,0.0,0.0023237800154918666,0.017815646785437646,0.0,0.0,0.0,0.0,0.019364833462432222,0.0,0.006971340046475601,0.013168086754453912,0.0023237800154918666,0.0,0.0,0.033307513555383424,0.010069713400464756,0.0,0.0,0.004647560030983733,0.0,0.005422153369481022,0.034856700232378,0.0,0.11618900077459333,0.0,0.012393493415956624,0.0,0.0,0.0,0.0,0.006971340046475601,0.016266460108443067,0.0,0.003098373353989156,0.0023237800154918666,0.048024786986831915,0.011618900077459334,0.0,0.003098373353989156,0.0,0.0077459333849728895,0.006196746707978312,0.027885360185902403,0.004647560030983733,0.0023237800154918666,0.022463206816421378,0.0023237800154918666,0.0,0.0,0.020139426800929512,0.033307513555383424,0.0,0.009295120061967466,0.0077459333849728895,0.0,0.0,0.0023237800154918666,0.0,0.0023237800154918666,0.0,0.019364833462432222,0.0,0.0,0.0,0.0,0.0,0.0023237800154918666,0.0023237800154918666,0.0,0.0023237800154918666,0.003098373353989156,0.0077459333849728895,0.0,0.0,0.0,0.004647560030983733,0.0,0.0,0.038729666924864445,0.0,0.005422153369481022,0.0,0.069713400464756,0.0,0.0023237800154918666,0.0,0.006971340046475601,0.003098373353989156,0.010069713400464756,0.0,0.0,0.0,0.003098373353989156,0.004647560030983733,0.0,0.0,0.0,0.0
MAD25,0.0203125,0.0,0.0,0.0046875,0.0,0.0,0.0453125,0.03125,0.0796875,0.0,0.1078125,0.0046875,0.0,0.0,0.0,0.0,0.0,0.0296875,0.0,0.0,0.0,0.015625,0.0,0.0,0.0,0.0046875,0.01875,0.0,0.0046875,0.0046875,0.0,0.0,0.0,0.0234375,0.0,0.0046875,0.0,0.0,0.0,0.015625,0.0375,0.0,0.2609375,0.0,0.01875,0.0,0.0,0.0,0.0,0.0,0.00625,0.0,0.0296875,0.0,0.025,0.0,0.0,0.0,0.0,0.0,0.0,0.071875,0.0140625,0.0,0.059375,0.0,0.0,0.0,0.0,0.0046875,0.0,0.0,0.0,0.0,0.0,0.0046875,0.0,0.0,0.0,0.0171875,0.0,0.0,0.0,0.0,0.0,0.0,0.0,0.0,0.0,0.0,0.0,0.0,0.0,0.0,0.0,0.0,0.0,0.0125,0.0,0.0,0.0,0.021875,0.0,0.0,0.0,0.0,0.0,0.0,0.0,0.0,0.0,0.0,0.0,0.0,0.0,0.0,0.0
MAD26,0.010662604722010662,0.002284843869002285,0.0,0.014470677837014471,0.0,0.002284843869002285,0.10967250571210967,0.016755521706016754,0.04798172124904798,0.0,0.008377760853008377,0.0,0.011424219345011425,0.0,0.0,0.0030464584920030465,0.0,0.02817974105102818,0.0,0.0,0.0030464584920030465,0.006092916984006093,0.0030464584920030465,0.0,0.0,0.0,0.005331302361005331,0.0,0.02817974105102818,0.007616146230007616,0.0,0.0,0.0,0.006854531607006854,0.0,0.007616146230007616,0.0,0.0,0.0,0.0,0.04798172124904798,0.002284843869002285,0.21934501142421933,0.0,0.030464584920030464,0.00456968773800457,0.0,0.0,0.0,0.0,0.002284843869002285,0.0,0.0456968773800457,0.0,0.022086824067022087,0.0,0.0,0.009900990099009901,0.0,0.0,0.002284843869002285,0.0,0.008377760853008377,0.0,0.20563594821020564,0.0,0.0,0.0,0.0,0.008377760853008377,0.0030464584920030465,0.0,0.0030464584920030465,0.0,0.0,0.0,0.0,0.0,0.0,0.0,0.0,0.0,0.0,0.0,0.0030464584920030465,0.00456968773800457,0.0,0.0,0.0,0.002284843869002285,0.0,0.0,0.002284843869002285,0.0,0.0,0.0,0.0,0.020563594821020565,0.0,0.0,0.0,0.017517136329017517,0.0,0.002284843869002285,0.0,0.002284843869002285,0.00456968773800457,0.002284843869002285,0.0,0.0,0.0,0.0,0.0,0.0,0.0,0.0,0.0
MAD27,0.0,0.0,0.0,0.01556420233463035,0.0,0.005447470817120622,0.03346303501945525,0.008560311284046693,0.08093385214007782,0.0,0.060700389105058365,0.0,0.021011673151750974,0.0,0.0,0.0,0.0,0.1198443579766537,0.0,0.0,0.0023346303501945525,0.05525291828793774,0.0023346303501945525,0.0,0.0,0.0,0.0,0.0,0.010116731517509728,0.0,0.03968871595330739,0.0,0.0,0.0023346303501945525,0.0,0.007782101167315175,0.0,0.0,0.0,0.0,0.06614785992217899,0.0,0.2171206225680934,0.0,0.07859922178988327,0.0031128404669260703,0.0,0.0,0.0,0.0,0.0023346303501945525,0.0,0.005447470817120622,0.0,0.004669260700389105,0.0,0.0,0.10583657587548638,0.0,0.0023346303501945525,0.0,0.0,0.0031128404669260703,0.0,0.0178988326848249,0.0,0.0,0.0,0.0,0.0,0.0,0.0,0.0,0.0,0.0,0.0,0.0,0.0,0.0,0.0,0.0,0.0,0.0,0.0,0.0,0.0,0.0,0.0,0.0031128404669260703,0.0,0.0,0.0,0.0,0.0,0.0,0.0,0.0,0.013229571984435798,0.0,0.0,0.0,0.011673151750972763,0.0,0.0,0.0,0.0,0.0,0.0,0.0,0.0,0.0,0.0,0.0,0.0,0.0,0.0,0.0
MAD28,0.017110266159695818,0.0,0.0,0.005703422053231939,0.0,0.0,0.051330798479087454,0.013307984790874524,0.060836501901140684,0.0,0.04182509505703422,0.0,0.03802281368821293,0.0,0.0,0.0,0.0,0.09125475285171103,0.0,0.0,0.0,0.0,0.005703422053231939,0.0,0.0,0.0,0.0,0.0,0.0,0.0,0.0,0.0,0.0,0.0,0.0,0.0076045627376425855,0.0,0.0,0.0,0.0,0.04752851711026616,0.0,0.17680608365019013,0.0,0.04182509505703422,0.0,0.0,0.0,0.0,0.0,0.03802281368821293,0.0,0.028517110266159697,0.0,0.015209125475285171,0.0,0.0,0.12927756653992395,0.0,0.0,0.0,0.0,0.0,0.0,0.14258555133079848,0.0,0.0,0.0,0.0076045627376425855,0.0,0.0,0.0,0.0,0.0,0.0,0.0,0.0,0.0,0.0,0.0,0.0,0.0,0.0,0.0,0.005703422053231939,0.0,0.0,0.0,0.005703422053231939,0.0,0.0,0.0,0.0,0.0,0.0,0.0,0.0,0.011406844106463879,0.0,0.0,0.0,0.017110266159695818,0.0,0.0,0.0,0.0,0.0,0.0,0.0,0.0,0.0,0.0,0.0,0.0,0.0,0.0,0.0
MAD29,0.0578125,0.0,0.0,0.0,0.0,0.00234375,0.0,0.01328125,0.0921875,0.0,0.0171875,0.009375,0.00234375,0.0,0.0,0.01015625,0.0,0.0390625,0.01171875,0.0,0.0,0.08828125,0.0,0.00625,0.0,0.00546875,0.0765625,0.00234375,0.00234375,0.01015625,0.0078125,0.0,0.0,0.0203125,0.00234375,0.0,0.0,0.01015625,0.0,0.0078125,0.02421875,0.00234375,0.171875,0.0,0.00234375,0.0140625,0.00234375,0.0,0.00234375,0.01171875,0.00234375,0.0,0.0,0.0,0.0046875,0.0171875,0.0,0.00234375,0.00234375,0.0078125,0.0046875,0.015625,0.0,0.00546875,0.0,0.0,0.0,0.0,0.0,0.05,0.0,0.02109375,0.01015625,0.0,0.0,0.0046875,0.0,0.00234375,0.0,0.003125,0.0,0.00234375,0.0,0.00234375,0.0,0.0,0.0,0.0,0.0,0.00625,0.0,0.0,0.0,0.0,0.00234375,0.00546875,0.0,0.0265625,0.0,0.015625,0.0,0.03203125,0.0,0.00546875,0.0,0.0046875,0.00234375,0.00703125,0.0,0.0,0.0,0.00703125,0.0,0.0,0.0,0.0,0.0
MAD30,0.05199306759098787,0.005199306759098787,0.0,0.0025996533795493936,0.0,0.0,0.0034662045060658577,0.03292894280762565,0.09965337954939342,0.0,0.02079722703639515,0.006065857885615251,0.0,0.0,0.0,0.0025996533795493936,0.0,0.036395147313691506,0.011265164644714038,0.0,0.0,0.11525129982668977,0.0025996533795493936,0.0,0.0,0.0,0.11525129982668977,0.0,0.0,0.00779896013864818,0.006065857885615251,0.0,0.0,0.016464471403812825,0.0,0.0,0.0,0.0025996533795493936,0.0,0.005199306759098787,0.02512998266897747,0.0,0.158578856152513,0.0,0.02512998266897747,0.006065857885615251,0.0,0.0,0.0,0.0,0.004332755632582322,0.008665511265164644,0.0,0.0,0.011265164644714038,0.00779896013864818,0.0,0.0034662045060658577,0.0,0.011265164644714038,0.0025996533795493936,0.010398613518197574,0.0034662045060658577,0.0034662045060658577,0.008665511265164644,0.0,0.0,0.0,0.0,0.04679376083188908,0.0,0.02339688041594454,0.004332755632582322,0.0,0.0,0.0,0.0,0.005199306759098787,0.0,0.00779896013864818,0.0,0.0,0.0,0.006932409012131715,0.0,0.0025996533795493936,0.0,0.0,0.0,0.0025996533795493936,0.0,0.0,0.0,0.0,0.00779896013864818,0.0034662045060658577,0.0,0.02079722703639515,0.0,0.008665511265164644,0.0,0.018197573656845753,0.0,0.0,0.0,0.0,0.0,0.004332755632582322,0.0,0.0,0.0025996533795493936,0.0,0.0,0.0,0.0,0.0,0.0
MAD31,0.060085836909871244,0.003218884120171674,0.0,0.0,0.0,0.0,0.0,0.018240343347639486,0.0536480686695279,0.0,0.05472103004291846,0.004291845493562232,0.003218884120171674,0.0,0.0,0.003218884120171674,0.0,0.032188841201716736,0.003218884120171674,0.0,0.0,0.08047210300429185,0.0,0.0,0.0,0.008583690987124463,0.09978540772532189,0.0,0.00536480686695279,0.003218884120171674,0.012875536480686695,0.0,0.0,0.015021459227467811,0.0,0.0,0.003218884120171674,0.0075107296137339056,0.0,0.0,0.022532188841201718,0.0,0.16738197424892703,0.0,0.02682403433476395,0.01072961373390558,0.0075107296137339056,0.003218884120171674,0.0,0.004291845493562232,0.033261802575107295,0.0,0.0,0.003218884120171674,0.0075107296137339056,0.006437768240343348,0.0,0.0,0.0,0.006437768240343348,0.0,0.02575107296137339,0.0,0.0,0.004291845493562232,0.0,0.0,0.0,0.003218884120171674,0.07510729613733906,0.0,0.015021459227467811,0.01072961373390558,0.0,0.0,0.0,0.0,0.0,0.004291845493562232,0.00536480686695279,0.0,0.0,0.0,0.0,0.0,0.003218884120171674,0.0,0.0,0.0,0.0,0.0,0.0,0.0,0.0,0.01072961373390558,0.004291845493562232,0.0,0.011802575107296138,0.0,0.0,0.0,0.045064377682403435,0.0,0.003218884120171674,0.0,0.0,0.0,0.006437768240343348,0.0,0.0,0.0,0.0,0.0,0.0,0.0,0.0,0.0
MAD32,0.06489746682750301,0.008926417370325694,0.0009650180940892642,0.006272617611580217,0.0,0.0016887816646562123,0.0019300361881785283,0.02147165259348613,0.054523522316043425,0.0,0.04149577804583836,0.0021712907117008443,0.0024125452352231603,0.0,0.0,0.0009650180940892642,0.0,0.016164053075995177,0.0007237635705669482,0.0,0.0031363088057901087,0.06658624849215923,0.0,0.004101326899879373,0.0,0.012062726176115802,0.05355850422195416,0.0,0.004583835946924005,0.015681544028950542,0.004342581423401689,0.0,0.0,0.054041013268998794,0.0014475271411338963,0.0,0.0009650180940892642,0.007237635705669481,0.0,0.01278648974668275,0.027744270205066344,0.0014475271411338963,0.09843184559710494,0.0048250904704463205,0.006755126658624849,0.009650180940892641,0.0021712907117008443,0.0,0.0016887816646562123,0.007237635705669481,0.008443908323281062,0.0009650180940892642,0.0009650180940892642,0.0016887816646562123,0.01785283474065139,0.013027744270205066,0.0,0.0007237635705669482,0.0009650180940892642,0.007478890229191798,0.0,0.019782870928829917,0.0,0.0007237635705669482,0.0031363088057901087,0.005307599517490953,0.0,0.0,0.004101326899879373,0.07864897466827503,0.0,0.01399276236429433,0.01037394451145959,0.0007237635705669482,0.0,0.005790108564535585,0.0,0.0028950542822677927,0.0048250904704463205,0.01037394451145959,0.0,0.0026537997587454767,0.0007237635705669482,0.0014475271411338963,0.0036188178528347406,0.0,0.0,0.0,0.005548854041013269,0.0007237635705669482,0.006996381182147165,0.0,0.0,0.0,0.007720144752714113,0.0033775633293124246,0.0,0.02436670687575392,0.0026537997587454767,0.012062726176115802,0.0,0.05548854041013269,0.0,0.005790108564535585,0.0024125452352231603,0.004583835946924005,0.0,0.009408926417370326,0.0007237635705669482,0.0,0.0,0.007961399276236429,0.0031363088057901087,0.0007237635705669482,0.0,0.0,0.0
MAD33,0.01433994095318431,0.0,0.0,0.008013496415014762,0.003374103753690426,0.021509911429776464,0.03247574862927035,0.007169970476592155,0.116828342471531,0.0,0.005904681568958245,0.0,0.011387600168705188,0.0,0.0,0.0063264445381695485,0.0,0.016448755799240825,0.0,0.0,0.0,0.08055672711935892,0.0012652889076339097,0.0,0.0,0.0012652889076339097,0.02741459299873471,0.0,0.12020244622522143,0.008435259384226065,0.0025305778152678194,0.0,0.0,0.001687051876845213,0.0,0.0012652889076339097,0.0,0.0,0.0,0.0,0.022353437368199072,0.0,0.2707718262336567,0.0,0.01687051876845213,0.004639392661324336,0.0,0.0,0.0,0.0,0.005061155630535639,0.0,0.0012652889076339097,0.0,0.015183466891606916,0.0,0.0,0.010544074230282582,0.0,0.04850274145929987,0.0025305778152678194,0.0012652889076339097,0.01180936313791649,0.0,0.017714044706874738,0.0,0.0,0.0,0.003795866722901729,0.003795866722901729,0.0,0.018135807676086038,0.003374103753690426,0.0,0.0,0.0,0.0,0.0,0.0,0.0,0.0,0.0,0.0,0.0,0.0,0.0012652889076339097,0.0,0.0,0.0012652889076339097,0.0,0.001687051876845213,0.0,0.0,0.0,0.0,0.0,0.0,0.012231126107127795,0.0,0.0,0.0,0.029101644875579924,0.0,0.0012652889076339097,0.0,0.0,0.001687051876845213,0.001687051876845213,0.0,0.0,0.0,0.003795866722901729,0.0,0.0,0.0,0.0,0.0
MAD34,0.0,0.0,0.0,0.025495750708215296,0.0,0.0,0.08781869688385269,0.025495750708215296,0.04815864022662889,0.0,0.0084985835694051,0.0,0.0,0.0,0.0,0.0,0.0,0.056657223796033995,0.0,0.0,0.0,0.0,0.0,0.0,0.0,0.0,0.0113314447592068,0.0,0.0,0.0,0.0,0.0,0.0,0.0,0.0,0.0,0.0,0.0,0.0,0.0,0.0113314447592068,0.0,0.23512747875354106,0.0,0.0226628895184136,0.17280453257790368,0.0,0.0,0.0,0.0,0.0,0.0,0.019830028328611898,0.0,0.0,0.0,0.0,0.0,0.0,0.0,0.0,0.0,0.056657223796033995,0.0,0.20396600566572237,0.0,0.0,0.0,0.0,0.0,0.0,0.0,0.0,0.0,0.0,0.0,0.0,0.0,0.0,0.0,0.0,0.0,0.0,0.0,0.0,0.0,0.0,0.0,0.0,0.0,0.0,0.0,0.0,0.0,0.0,0.0,0.0,0.014164305949008499,0.0,0.0,0.0,0.0,0.0,0.0,0.0,0.0,0.0,0.0,0.0,0.0,0.0,0.0,0.0,0.0,0.0,0.0,0.0
MAD35,0.027015202887454882,0.0010937329104232746,0.0004374931641693099,0.0211090451711692,0.0,0.022202778081592475,0.05588975172262933,0.015421634036968172,0.05731160450617959,0.0039374384775237884,0.021327791753253854,0.0008749863283386198,0.015859127201137482,0.0,0.0015312260745925844,0.010609209231105764,0.0,0.029968281745597725,0.0010937329104232746,0.0004374931641693099,0.003828065186481461,0.04867111451383572,0.00689051733566663,0.0013124794925079295,0.0004374931641693099,0.0016405993656349119,0.013562288089248606,0.0032811987312698237,0.07142075905063984,0.011156075686317402,0.003828065186481461,0.0,0.0,0.010062342775894127,0.0,0.005468664552116373,0.0015312260745925844,0.002296839111888877,0.0,0.005249917970031718,0.030952641364978672,0.001421852783550257,0.16570053592912612,0.0,0.016077873783222136,0.007218637208793613,0.0009843596193809471,0.001421852783550257,0.0,0.001859345947719567,0.004593678223777754,0.0013124794925079295,0.018484086186153343,0.0008749863283386198,0.03839002515585694,0.004046811768566116,0.00032811987312698237,0.012796675051952313,0.0004374931641693099,0.026140216559116265,0.00776550366400525,0.005249917970031718,0.00776550366400525,0.00032811987312698237,0.052717926282401836,0.0,0.0,0.00032811987312698237,0.006343650880454993,0.016405993656349118,0.0009843596193809471,0.009952969484851798,0.003828065186481461,0.0,0.0,0.0027343322760581866,0.0004374931641693099,0.0,0.0,0.002296839111888877,0.0,0.0005468664552116373,0.0,0.0,0.004156185059608444,0.0013124794925079295,0.005140544678989391,0.0004374931641693099,0.00032811987312698237,0.0008749863283386198,0.0007656130372962922,0.0,0.002624958985015859,0.0,0.00032811987312698237,0.0,0.0007656130372962922,0.015859127201137482,0.00032811987312698237,0.0031718254402274965,0.0,0.02242152466367713,0.0,0.0013124794925079295,0.0,0.001203106201465602,0.006453024171497321,0.0029530788581428415,0.0,0.0,0.0,0.0017499726566772395,0.00032811987312698237,0.0,0.0,0.0,0.0
MAD36,0.09526022304832714,0.0,0.0013940520446096654,0.004182156133828996,0.0,0.0,0.011152416356877323,0.017657992565055763,0.06691449814126393,0.0,0.02509293680297398,0.0,0.0060408921933085506,0.0,0.0,0.0027881040892193307,0.0013940520446096654,0.013940520446096654,0.0,0.0,0.0013940520446096654,0.06366171003717472,0.0,0.0013940520446096654,0.0,0.0018587360594795538,0.013011152416356878,0.006505576208178439,0.02973977695167286,0.004182156133828996,0.0013940520446096654,0.0,0.0,0.004646840148698885,0.0,0.0,0.0018587360594795538,0.0055762081784386614,0.0,0.017193308550185873,0.07527881040892194,0.0023234200743494425,0.18494423791821563,0.0,0.015799256505576207,0.0,0.0,0.0,0.0,0.0027881040892193307,0.007899628252788104,0.0,0.0,0.0018587360594795538,0.0362453531598513,0.004182156133828996,0.0,0.0013940520446096654,0.005111524163568773,0.0027881040892193307,0.0,0.017657992565055763,0.0023234200743494425,0.0,0.020446096654275093,0.0,0.0,0.0,0.010223048327137546,0.008364312267657992,0.0013940520446096654,0.01533457249070632,0.011152416356877323,0.0,0.0,0.004182156133828996,0.0,0.0,0.0,0.0032527881040892194,0.0,0.0013940520446096654,0.0013940520446096654,0.0,0.0,0.0,0.0,0.0,0.005111524163568773,0.0013940520446096654,0.004646840148698885,0.0,0.0,0.0,0.0013940520446096654,0.0032527881040892194,0.0,0.07481412639405205,0.0,0.0,0.0,0.05390334572490706,0.0,0.0013940520446096654,0.0,0.0018587360594795538,0.006505576208178439,0.007899628252788104,0.0,0.0,0.0,0.0018587360594795538,0.0,0.0,0.0,0.0,0.0
MAD37,0.09687339825730394,0.0010251153254741158,0.0023065094823167607,0.014351614556637622,0.0,0.006406970784213224,0.019477191184008202,0.02485904664274731,0.02716555612506407,0.0,0.03818554587391081,0.0030753459764223477,0.0046130189646335215,0.0,0.0,0.005125576627370579,0.0,0.023577652485904665,0.0,0.0,0.0035879036391594054,0.015633008713480268,0.0,0.009226037929267043,0.0015376729882111738,0.009226037929267043,0.016401845207585853,0.0007688364941055869,0.019477191184008202,0.011276268580215274,0.004356740133264992,0.0,0.0,0.01742696053305997,0.0,0.0020502306509482316,0.0015376729882111738,0.004100461301896463,0.0,0.009738595592004101,0.0717580727831881,0.0023065094823167607,0.09917990773962071,0.0033316248077908763,0.011532547411583802,0.0038441824705279346,0.0,0.0033316248077908763,0.0015376729882111738,0.0046130189646335215,0.01742696053305997,0.0,0.010763710917478216,0.0,0.02434648898001025,0.0046130189646335215,0.0017939518195797027,0.005381855458739108,0.0015376729882111738,0.005381855458739108,0.005125576627370579,0.018452075858534086,0.0025627883136852894,0.0007688364941055869,0.056381342901076374,0.0030753459764223477,0.0,0.0,0.0023065094823167607,0.021014864172219375,0.0,0.016401845207585853,0.010507432086109688,0.0,0.0,0.0046130189646335215,0.0,0.0,0.0,0.005125576627370579,0.0,0.0015376729882111738,0.0,0.0007688364941055869,0.0025627883136852894,0.009738595592004101,0.0,0.0,0.006150691952844695,0.005125576627370579,0.005381855458739108,0.0,0.0,0.0,0.0028190671450538185,0.0012813941568426447,0.0,0.06048180420297283,0.0017939518195797027,0.006150691952844695,0.0,0.05304971809328549,0.0015376729882111738,0.005125576627370579,0.0010251153254741158,0.0038441824705279346,0.0046130189646335215,0.00743208610968734,0.0012813941568426447,0.0,0.0,0.0038441824705279346,0.0020502306509482316,0.0,0.0,0.0,0.0
MAD38,0.06782859680284192,0.0021092362344582592,0.0005550621669626998,0.014431616341030195,0.0,0.002886323268206039,0.02264653641207815,0.03075044404973357,0.04218472468916518,0.0018872113676731794,0.029085257548845472,0.003663410301953819,0.007437833037300177,0.0003330373001776199,0.0,0.0042184724689165185,0.0011101243339253996,0.02331261101243339,0.0013321492007104796,0.0,0.007548845470692718,0.04296181172291297,0.0009991119005328597,0.006438721136767318,0.0009991119005328597,0.006771758436944938,0.016429840142095916,0.0024422735346358794,0.023978685612788632,0.008992007104795738,0.003219360568383659,0.0,0.0006660746003552398,0.016762877442273536,0.0019982238010657193,0.0004440497335701599,0.0025532859680284193,0.005661634103019538,0.0,0.010213143872113677,0.056172291296625224,0.002886323268206039,0.1447602131438721,0.0009991119005328597,0.018650088809946713,0.006438721136767318,0.0003330373001776199,0.002220248667850799,0.0004440497335701599,0.003219360568383659,0.011989342806394316,0.0009991119005328597,0.008769982238010657,0.0012211367673179397,0.02486678507992895,0.009103019538188277,0.0003330373001776199,0.007881882770870338,0.0011101243339253996,0.007104795737122558,0.004884547069271759,0.012988454706927176,0.003996447602131439,0.0009991119005328597,0.04984458259325045,0.0015541740674955595,0.0,0.0,0.004662522202486678,0.02575488454706927,0.0015541740674955595,0.012100355239786855,0.008769982238010657,0.0005550621669626998,0.0,0.0058836589698046185,0.0,0.0,0.0003330373001776199,0.003108348134991119,0.0,0.0033303730017761987,0.0009991119005328597,0.0008880994671403197,0.006438721136767318,0.003441385435168739,0.0008880994671403197,0.0,0.0011101243339253996,0.0021092362344582592,0.0024422735346358794,0.0,0.0019982238010657193,0.0003330373001776199,0.003552397868561279,0.0024422735346358794,0.0,0.04573712255772647,0.0003330373001776199,0.002775310834813499,0.0,0.03607904085257549,0.0004440497335701599,0.006882770870337478,0.0003330373001776199,0.0016651865008880994,0.002775310834813499,0.005994671403197158,0.0,0.0,0.0003330373001776199,0.0021092362344582592,0.003219360568383659,0.0,0.0,0.0,0.0
MAD39,0.0,0.0,0.0,0.0,0.0,0.02664796633941094,0.09957924263674614,0.004207573632538569,0.009817671809256662,0.014025245441795231,0.004207573632538569,0.0,0.016830294530154277,0.0,0.004207573632538569,0.016830294530154277,0.0,0.0,0.0,0.0,0.0,0.03225806451612903,0.004207573632538569,0.0,0.0,0.0,0.009817671809256662,0.004207573632538569,0.051893408134642355,0.0,0.0,0.0,0.0,0.008415147265077139,0.0,0.029453015427769985,0.0,0.0,0.0,0.0,0.012622720897615708,0.0,0.10378681626928471,0.0,0.0,0.011220196353436185,0.0,0.0,0.0,0.0,0.004207573632538569,0.0,0.004207573632538569,0.0,0.051893408134642355,0.0,0.0,0.008415147265077139,0.0,0.07994389901823282,0.028050490883590462,0.0,0.2664796633941094,0.0,0.009817671809256662,0.0,0.0,0.0,0.0,0.0,0.004207573632538569,0.0,0.0,0.0,0.0,0.0,0.0,0.0,0.0,0.0,0.0,0.0,0.0,0.0,0.0,0.004207573632538569,0.0,0.023842917251051893,0.0,0.0,0.0,0.0,0.0,0.0,0.0,0.0,0.0,0.0,0.0,0.0,0.0,0.012622720897615708,0.0,0.0,0.0,0.0,0.037868162692847124,0.0,0.0,0.0,0.0,0.0,0.0,0.0,0.0,0.0,0.0
MAD41,0.17262567824930827,0.004419849796974379,0.0024794279348880665,0.018074670307952137,0.00010780121456035071,0.0024794279348880665,0.003090301484063387,0.027992382047504403,0.021703977864817276,0.0008983434546695893,0.03751482266700205,0.007150813899169931,0.007258615113730282,0.0,0.000754608501922455,0.0038089762477990586,0.0012217470983506415,0.013259549390923138,0.001257680836537425,0.0003593373818678357,0.00603686801537964,0.02565668906536347,0.0021200905530202306,0.010348916597793668,0.0025512954112616336,0.010636386503287937,0.030687412411513168,0.0014373495274713427,0.016242049660426174,0.011606597434331093,0.0021919580293937977,0.0006827410255488878,0.0,0.0251536167307485,0.001760753171152395,0.00010780121456035071,0.0035933738186783573,0.008300693521147005,0.000251536167307485,0.012540874627187466,0.07143627151532574,0.005605663157138237,0.041323798914801105,0.0014373495274713427,0.0031262352222501707,0.004312048582414028,0.002084156814833447,0.0014014157892845592,0.00050307233461497,0.007007078946422796,0.011894067339825362,0.0019763556002730964,0.0005390060728017535,0.0018326206475259622,0.01559524237306407,0.01257680836537425,0.000754608501922455,0.002443494196701283,0.0031621689604369543,0.008372560997520572,0.00402457867691976,0.015271838729383017,0.0015810844802184771,0.0028746990549426855,0.006504006611807826,0.0021200905530202306,0.000251536167307485,0.0001437349527471343,0.0071867476373567146,0.02878292428761364,0.0003952711200546193,0.013223615652736354,0.010025512954112616,0.0028028315785691184,0.0001437349527471343,0.006719609040928528,0.00021560242912070142,0.001760753171152395,0.0002874699054942686,0.006072801753566424,0.000251536167307485,0.002946566531316253,0.002263825505767365,0.0018685543857127457,0.003916777462359409,0.0019044881238995293,0.00100614466922994,0.0,0.006791476517302095,0.004635452226095081,0.004096446153293327,0.0002874699054942686,0.0003593373818678357,0.0,0.010348916597793668,0.002443494196701283,0.0007186747637356714,0.050774372057925184,0.001257680836537425,0.0049947896079629165,0.0,0.0629918430414316,0.00043120485824140283,0.005425994466204319,0.00150921700384491,0.0033777713895576556,0.00100614466922994,0.00704301268460958,0.00021560242912070142,0.0,0.0002874699054942686,0.005785331848072155,0.0038089762477990586,0.000754608501922455,0.0001437349527471343,0.00010780121456035071,0.00010780121456035071
MAD42,0.15041398344066237,0.004047838086476541,0.0015639374425022998,0.014075436982520699,0.0,0.001747930082796688,0.0035878564857405705,0.025850965961361546,0.028334866605335785,0.0009199632014719411,0.0390984360625575,0.006991720331186752,0.005887764489420423,0.0,0.0,0.0029438822447102114,0.0006439742410303588,0.018491260349586015,0.000827966881324747,0.0,0.004047838086476541,0.022907083716651334,0.0010119595216191352,0.008923643054277829,0.0021159153633854644,0.012603495860165593,0.02907083716651334,0.0011959521619135235,0.017847286108555658,0.012235510579576817,0.005059797608095676,0.000827966881324747,0.0007359705611775528,0.025574977000919964,0.0027598896044158236,0.0,0.0052437902483900645,0.008923643054277829,0.0,0.010303587856485741,0.06209751609935603,0.007911683532658694,0.05050597976080957,0.0027598896044158236,0.005151793928242871,0.0045078196872125114,0.0028518859245630175,0.0019319227230910764,0.001655933762649494,0.0076356945722171115,0.024103035878564858,0.0003679852805887764,0.00027598896044158235,0.0013799448022079118,0.01996320147194112,0.012419503219871205,0.0011959521619135235,0.0035878564857405705,0.0021159153633854644,0.008647654093836247,0.0038638454461821527,0.016375344986200552,0.0,0.0028518859245630175,0.010027598896044158,0.0045078196872125114,0.0,0.0,0.005151793928242871,0.028518859245630176,0.0,0.013799448022079117,0.01232750689972401,0.0006439742410303588,0.0,0.006531738730450782,0.00045998160073597056,0.0020239190432382705,0.000827966881324747,0.004783808647654094,0.0,0.0022999080036798527,0.002667893284268629,0.002483900643974241,0.0019319227230910764,0.003955841766329347,0.0009199632014719411,0.0,0.009475620975160994,0.004967801287948482,0.005335786568537258,0.0,0.0003679852805887764,0.0,0.006623735050597976,0.0021159153633854644,0.0,0.052897884084636616,0.00045998160073597056,0.003771849126034959,0.0,0.06108555657773689,0.00027598896044158235,0.0036798528058877645,0.001655933762649494,0.002483900643974241,0.0018399264029438822,0.00919963201471941,0.0,0.0,0.0,0.005887764489420423,0.0022999080036798527,0.00045998160073597056,0.00027598896044158235,0.0,0.0
MAD43,0.02749270041340233,0.002601832846694227,0.0017056459772773265,0.02463068428203868,0.0010118238848255327,0.006244398832066144,0.042612240178081004,0.018906652019311382,0.05750050591194241,0.006360035847474777,0.02778179295192391,0.001965829261946749,0.009742418548177272,0.0,0.0005492758231910034,0.007285131970743835,0.0002312740308172646,0.03596311179208465,0.0009829146309733746,0.0001156370154086323,0.006938220924517938,0.0517186551415108,0.004596571362493134,0.00375820300078055,0.00017345552311294845,0.0028909253852158075,0.017027550518921106,0.00300656240062444,0.016998641265068948,0.008904050186464688,0.003093290162180914,8.672776155647423e-05,0.0,0.01321152901043624,0.0009829146309733746,0.009135324217281951,0.0010985516463820069,0.00225492180046833,0.00043363880778237113,0.008094591078604262,0.03289873088375589,0.0006360035847474777,0.20149749934954178,0.00028909253852158075,0.03021017027550519,0.010580786909889856,0.0010407331386776907,0.0008961868694169003,0.0005492758231910034,0.000780549854008268,0.005724032262727299,0.002341649562024804,0.013356075279697031,0.001532190454164378,0.021074846058223237,0.008123500332456419,0.00028909253852158075,0.00870168540949958,0.0006360035847474777,0.005897487785840248,0.0062154895782139865,0.004885663901014714,0.006475672862883409,0.0002601832846694227,0.07721661703911423,0.0002312740308172646,0.0,0.0008961868694169003,0.004625480616345292,0.027579428174958804,0.004047295539302131,0.00615767107050967,0.002601832846694227,0.00040472955393021305,0.00017345552311294845,0.0026307421005463847,0.00031800179237373883,0.0016767367234251684,0.0015900089618686942,0.002312740308172646,0.0,0.001474371946460062,0.00028909253852158075,0.0006070943308953196,0.004047295539302131,0.005174756439536295,0.006591309878292042,0.0004914573154866873,0.0017634644849816427,0.001561099708016536,0.0008672776155647423,0.0,0.003064380908328756,0.00017345552311294845,0.0027752883698071752,0.0006649128385996357,0.0002601832846694227,0.013298256771992714,0.0002601832846694227,0.0014454626926079038,0.0,0.01760573559596427,0.00017345552311294845,0.0024572865774334365,0.0006360035847474777,0.0005492758231910034,0.003035471654476598,0.0020236477696510655,0.0,0.0,8.672776155647423e-05,0.0021971032927640137,0.0005203665693388454,0.00020236477696510653,8.672776155647423e-05,0.0,0.00017345552311294845
MAD44,0.0018823529411764706,0.0,0.0,0.1952941176470588,0.0018823529411764706,0.0018823529411764706,0.03152941176470588,0.011764705882352941,0.08611764705882353,0.0,0.015529411764705882,0.0,0.01223529411764706,0.0,0.0,0.09364705882352942,0.0,0.028705882352941175,0.0,0.0,0.0,0.03952941176470588,0.0,0.0,0.0,0.0,0.0,0.001411764705882353,0.004705882352941176,0.0051764705882352945,0.0,0.0,0.0,0.0051764705882352945,0.0,0.0032941176470588237,0.0,0.0,0.0,0.0,0.015529411764705882,0.0,0.336,0.0,0.01411764705882353,0.006588235294117647,0.0,0.0,0.0,0.0,0.0032941176470588237,0.0,0.0,0.0,0.0051764705882352945,0.0,0.0,0.017411764705882352,0.0,0.0,0.0,0.0,0.011294117647058824,0.0,0.016941176470588234,0.0,0.0,0.0,0.0,0.001411764705882353,0.012705882352941176,0.0,0.001411764705882353,0.0,0.0,0.002823529411764706,0.0,0.0,0.001411764705882353,0.0,0.0,0.0,0.0,0.0,0.0,0.0,0.0,0.0,0.0,0.0,0.0,0.0,0.0,0.0,0.0,0.001411764705882353,0.0,0.009411764705882352,0.0,0.0,0.0,0.0032941176470588237,0.0,0.0,0.0,0.0,0.0,0.0,0.0,0.0,0.0,0.0,0.0,0.0,0.0,0.0,0.0
MAD45,0.014072119613016711,0.0,0.0,0.15303430079155672,0.0,0.003518029903254178,0.0853122251539138,0.029023746701846966,0.025505716798592787,0.002638522427440633,0.013192612137203167,0.0,0.03430079155672823,0.0,0.0,0.026385224274406333,0.0,0.032541776605101144,0.0,0.0,0.0,0.021108179419525065,0.0,0.0,0.0,0.0,0.002638522427440633,0.0,0.016710642040457344,0.0,0.0,0.0,0.0,0.011433597185576077,0.0,0.003518029903254178,0.0,0.0,0.0,0.0,0.019349164467897976,0.002638522427440633,0.1706244503078276,0.0,0.024626209322779244,0.007036059806508356,0.0,0.0,0.0,0.0,0.0043975373790677225,0.0,0.029023746701846966,0.0,0.023746701846965697,0.002638522427440633,0.0,0.024626209322779244,0.0,0.0,0.005277044854881266,0.002638522427440633,0.020228671943711522,0.0,0.1284080914687775,0.0,0.0,0.0,0.0,0.007036059806508356,0.0,0.0,0.006156552330694811,0.0,0.0,0.0,0.0,0.0,0.0,0.0,0.0,0.0,0.0,0.0,0.0,0.002638522427440633,0.014072119613016711,0.0,0.0,0.0,0.0,0.0,0.0,0.0,0.0,0.0,0.0,0.021108179419525065,0.0,0.0,0.0,0.006156552330694811,0.0,0.0,0.0,0.0,0.002638522427440633,0.0,0.0,0.0,0.0,0.0,0.0,0.0,0.0,0.0,0.0
MAD46,0.01981110343238885,0.001612531674729325,0.000691085003455425,0.09617599631421332,0.0003455425017277125,0.005183137525915688,0.05425017277125086,0.022345081778392076,0.05793595945634646,0.0012669891730016124,0.0248790601243953,0.0003455425017277125,0.0119788067265607,0.0,0.0003455425017277125,0.04803040774015204,0.0,0.03363280350149735,0.0,0.0,0.008638562543192813,0.04123473853950703,0.004261690854641787,0.0018428933425478,0.0,0.0009214466712739,0.003916148352914075,0.00230361667818475,0.019350380096751902,0.005183137525915688,0.0026491591799124624,0.0,0.0,0.005413499193734163,0.0003455425017277125,0.009905551716194425,0.0005759041695461875,0.00046072333563695,0.0003455425017277125,0.006219765031098825,0.030292559318129464,0.0,0.19511633264224834,0.0,0.017622667588113337,0.017737848422022577,0.0,0.0,0.0,0.000691085003455425,0.0035706058511863624,0.000691085003455425,0.0147431467403824,0.0008062658373646625,0.0230361667818475,0.0046072333563695,0.0,0.017853029255931813,0.0,0.003916148352914075,0.007141211702372725,0.0021884358442755126,0.013936880903017737,0.0003455425017277125,0.06565307532826538,0.0,0.0,0.0017277125086385626,0.0046072333563695,0.019580741764570374,0.007141211702372725,0.0046072333563695,0.002073255010366275,0.0,0.0,0.0012669891730016124,0.0,0.0003455425017277125,0.0,0.0014973508408200875,0.0,0.0,0.0,0.0003455425017277125,0.0009214466712739,0.0048375950241879755,0.0024187975120939877,0.0005759041695461875,0.000691085003455425,0.0003455425017277125,0.0,0.0,0.000691085003455425,0.0,0.0,0.0,0.00046072333563695,0.008984105044920525,0.0,0.0,0.0,0.014167242570836213,0.0,0.000691085003455425,0.0003455425017277125,0.0009214466712739,0.002994701681640175,0.0008062658373646625,0.0,0.0,0.0,0.0036857866850956,0.0005759041695461875,0.0,0.0,0.0,0.0003455425017277125
MAD47,0.005506607929515419,0.0,0.0,0.034691629955947136,0.0,0.006057268722466961,0.040748898678414094,0.011013215859030838,0.05341409691629956,0.0,0.01817180616740088,0.0,0.011563876651982379,0.0,0.0,0.00881057268722467,0.0,0.024229074889867842,0.0,0.0,0.0022026431718061676,0.02753303964757709,0.0,0.0,0.0,0.0,0.0,0.0,0.009361233480176211,0.0,0.0,0.0,0.0,0.0,0.0,0.0,0.0,0.0,0.0,0.0016519823788546256,0.025881057268722467,0.0,0.33590308370044053,0.0,0.030837004405286344,0.14427312775330398,0.0,0.0,0.0,0.0,0.0,0.0,0.007709251101321586,0.0,0.011563876651982379,0.0,0.0,0.012114537444933921,0.0,0.003854625550660793,0.0,0.0022026431718061676,0.019823788546255508,0.0,0.10462555066079295,0.0,0.0,0.0,0.010462555066079295,0.006607929515418502,0.010462555066079295,0.0,0.0,0.0,0.0,0.0,0.0,0.0,0.0,0.0,0.0,0.0,0.0,0.0,0.0,0.003303964757709251,0.003303964757709251,0.0016519823788546256,0.0,0.0,0.0,0.0,0.0,0.0,0.0016519823788546256,0.0,0.0,0.005506607929515419,0.0,0.0,0.0,0.0016519823788546256,0.0,0.0,0.0,0.0,0.0,0.0,0.0,0.0,0.0,0.0016519823788546256,0.0,0.0,0.0,0.0,0.0
MAD48,0.011084718923198733,0.0,0.0,0.12114014251781473,0.0,0.0023752969121140144,0.04592240696753761,0.034045922406967535,0.04671417260490895,0.0055423594615993665,0.02929532858273951,0.0,0.03483768804433888,0.0,0.0,0.040380047505938245,0.0,0.09263657957244656,0.0,0.0,0.0,0.014251781472684086,0.0,0.0,0.0,0.0,0.003167062549485352,0.003167062549485352,0.011876484560570071,0.0,0.0,0.0,0.0,0.007125890736342043,0.0,0.01583531274742676,0.0023752969121140144,0.0,0.0,0.0,0.01741884402216944,0.0,0.14489311163895488,0.0,0.02454473475851148,0.02058590657165479,0.0,0.0,0.0,0.0,0.009501187648456057,0.0,0.026128266033254157,0.0,0.01979414093428345,0.0023752969121140144,0.0,0.028503562945368172,0.0,0.0,0.0,0.0055423594615993665,0.0023752969121140144,0.0,0.09422011084718923,0.0,0.0,0.0,0.007125890736342043,0.011876484560570071,0.0023752969121140144,0.006334125098970704,0.0023752969121140144,0.0,0.0,0.0,0.0,0.0,0.0,0.0,0.0,0.0,0.0,0.0,0.003167062549485352,0.0,0.0,0.0,0.004750593824228029,0.0,0.0,0.0,0.0,0.0,0.0,0.0,0.0,0.022169437846397466,0.0,0.0,0.0,0.01979414093428345,0.0,0.0,0.0,0.0,0.0,0.0,0.0,0.0,0.0,0.0023752969121140144,0.0,0.0,0.0,0.0,0.0
MAD40,0.0410958904109589,0.0,0.0,0.10273972602739725,0.0,0.0,0.05136986301369863,0.02054794520547945,0.04794520547945205,0.0,0.010273972602739725,0.0,0.0,0.0,0.0,0.03424657534246575,0.0,0.02054794520547945,0.0,0.0,0.0,0.0,0.0,0.010273972602739725,0.0,0.0,0.0,0.0,0.010273972602739725,0.0,0.0,0.0,0.0,0.0,0.0,0.0,0.0,0.0,0.0,0.0,0.0821917808219178,0.0,0.2465753424657534,0.0,0.0,0.0,0.0,0.0,0.0,0.0,0.0,0.0,0.010273972602739725,0.0,0.023972602739726026,0.0,0.0,0.0,0.0,0.0,0.0,0.0,0.0,0.0,0.11986301369863013,0.0,0.0,0.0,0.0,0.0,0.0,0.0,0.02054794520547945,0.0,0.0,0.0,0.0,0.0,0.0,0.0,0.0,0.0,0.0,0.0,0.0,0.0,0.0,0.0,0.0136986301369863,0.0,0.0,0.0,0.0,0.0,0.0,0.0,0.0,0.11643835616438356,0.0,0.0,0.0,0.0,0.0,0.0,0.0,0.0,0.017123287671232876,0.0,0.0,0.0,0.0,0.0,0.0,0.0,0.0,0.0,0.0
